First Name,Middle Name,Last Name,Phonetic First Name,Phonetic Middle Name,Phonetic Last Name,Name Prefix,Name Suffix,Nickname,File As,Organization Name,Organization Title,Organization Department,Birthday,Notes,Photo,Labels,E-mail 1 - Label,E-mail 1 - Value,E-mail 2 - Label,E-mail 2 - Value,Phone  ,23,Address 1 - Label,Address 1 - Formatted,Address 1 - Street,Address 1 - City,Address 1 - PO Box,Address 1 - Region,Address 1 - Postal Code,Address 1 - Country,Address 1 - Extended Address
Akram,,,,,,,,,,,,,,,,,,,,,7250344984,,,,,,,,,,
Ashish,,,,,,,,,,,,,,,,,,,,,9936426585,,,,,,,,,,
Irfan,,,,,,,,,,,,,,,,,,,,,8840613667,,,,,,,,,,
Sundram,,,,,,,,,,,,,,,,,,,,,9554835275,,,,,,,,,,
Murtaza,,,,,,,,,,,,,,,,,,,,,9797004071,,,,,,,,,,
Sultan,,,,,,,,,,,,,,,,,,,,,7464036446,,,,,,,,,,
